{
	"condition": "minecraft:any_of",
	"terms": [
		{
			"condition": "minecraft:entity_properties",
			"entity": "this",
			"predicate": {
				"slots": {
					"inventory.*": {
						"components": {
							"minecraft:custom_data": {
								"yggdrasil": {
									"quest_item": true,
									"quest_id": "yggdrasil.helheim.rune_of_reva"
								}
							}
						}
					}
				}
			}
		},
		{
			"condition": "minecraft:entity_properties",
			"entity": "this",
			"predicate": {
				"slots": {
					"player.cursor": {
						"components": {
							"minecraft:custom_data": {
								"yggdrasil": {
									"quest_item": true,
									"quest_id": "yggdrasil.helheim.rune_of_reva"
								}
							}
						}
					}
				}
			}
		},
		{
			"condition": "minecraft:entity_properties",
			"entity": "this",
			"predicate": {
				"slots": {
					"hotbar.*": {
						"components": {
							"minecraft:custom_data": {
								"yggdrasil": {
									"quest_item": true,
									"quest_id": "yggdrasil.helheim.rune_of_reva"
								}
							}
						}
					}
				}
			}
		}
	]
}
