{
	"pools": [
		{
			"rolls": {
				"min": 1,
				"max": 4
			},
			"entries": [
				{
					"type": "minecraft:item",
					"name": "minecraft:dried_kelp",
					"weight": 1,
					"functions": [
						{
							"function": "minecraft:set_count",
							"count": {
								"min": 2,
								"max": 7
							}
						}
					]
				},
				{
					"type": "minecraft:item",
					"name": "minecraft:sweet_berries",
					"weight": 1,
					"functions": [
						{
							"function": "minecraft:set_count",
							"count": {
								"min": 2,
								"max": 7
							}
						}
					]
				},
				{
					"type": "minecraft:item",
					"name": "minecraft:milk_bucket",
					"weight": 2,
					"functions": [
						{
							"function": "minecraft:set_count",
							"count": 1
						}
					]
				},
				{
					"type": "minecraft:item",
					"name": "minecraft:leather",
					"functions": [
						{
							"function": "minecraft:set_count",
							"count": {
								"min": 2,
								"max": 3
							}
						}
					]
				}
			]
		}
	],
	"random_sequence": "yggdrasil:generic/reward"
}
