{
	"type": "minecraft:entity",
	"pools": [
		{
			"rolls": 1,
			"entries": [
				{
					"type": "minecraft:item",
					"name": "minecraft:bone_block",
					"functions": [
						{
							"function": "minecraft:set_count",
							"count": {
								"min": 1,
								"max": 2
							}
						}
					]
				},
				{
					"type": "minecraft:item",
					"name": "minecraft:bow",
					"functions": [
						{
							"function": "minecraft:enchant_with_levels",
							"levels": {
								"min": 45,
								"max": 100
							},
							"options": "#yggdrasil:equipment/item/bow"
						}
					],
					"conditions": [
						{
							"condition": "minecraft:random_chance",
							"chance": 0.05
						}
					]
				}
			]
		},
		{
			"rolls": 1,
			"bonus_rolls": 0,
			"entries": [
				{
					"type": "minecraft:loot_table",
					"value": "yggdrasil:generic/reward/mob"
				}
			]
		},
		{
			"rolls": {
				"min": 1,
				"max": 4
			},
			"bonus_rolls": 0,
			"entries": [
				{
					"type": "minecraft:loot_table",
					"value": "minecraft:entities/skeleton"
				}
			]
		}
	],
	"random_sequence": "minecraft:entities/skeleton"
}
