{
	"description": {
		"translate": "enchantment.yggdrasil.divine_key",
		"fallback": "Divine Key"
	},
	"supported_items": "minecraft:trial_key",
	"weight": 1,
	"max_level": 1,
	"min_cost": {
		"base": 100,
		"per_level_above_first": 100
	},
	"max_cost": {
		"base": 100,
		"per_level_above_first": 100
	},
	"anvil_cost": 1,
	"slots": ["mainhand"],
	"effects": {
		"minecraft:hit_block": [
			{
				"requirements": {
					"condition": "minecraft:block_state_property",
					"block": "minecraft:vault"
				},
				"effect": {
					"type": "minecraft:run_function",
					"function": "yggdrasil:actions/divine_key"
				}
			}
		]
	}
}
