{
  "anvil_cost": 2,
  "description": {
    "translate": "enchantment.minecraft.flame"
  },
  "effects": {
    "minecraft:projectile_spawned": [
      {
        "effect": {
          "type": "minecraft:ignite",
          "duration": {
            "type": "minecraft:linear",
            "base": 4.0,
            "per_level_above_first": 4.0
          }
        }
      }
    ]
  },
  "max_cost": {
    "base": 50,
    "per_level_above_first": 0
  },
  "max_level": 5,
  "min_cost": {
    "base": 20,
    "per_level_above_first": 0
  },
  "slots": [
    "mainhand"
  ],
  "supported_items": "#minecraft:enchantable/bow",
  "weight": 2
}