{
	"type": "minecraft:chest",
	"pools": [
		{
			"rolls": 1,
			"bonus_rolls": 0,
			"entries": [
				{
					"type": "minecraft:item",
					"name": "minecraft:trial_key",
					"weight": 3,
					"functions": [
						{
							"function": "minecraft:set_name",
							"target": "item_name",
							"name": {
								"translate": "item.yggdrasil.divine_key.key",
								"color": "#ffbb00",
								"bold": true,
								"fallback": "Divine Key"
							}
						},
						{
							"function": "minecraft:set_components",
							"components": {
								"minecraft:rarity": "epic",
								"minecraft:max_stack_size": 1,
								"minecraft:enchantments": {
									"levels": {
										"yggdrasil:divine_key": 1
									},
									"show_in_tooltip": false
								},
								"minecraft:custom_data": {
									"yggdrasil": {
										"id": "yggdrasil.generic.treasure.divine_key"
									}
								}
							}
						},
						{
							"function": "minecraft:set_lore",
							"entity": "this",
							"lore": [
								{
									"translate": "item.yggdrasil.divine_key.lore.1",
									"fallback": "This key to the gods allows you to open",
									"color": "#a0a0a0",
									"bold": false,
									"italic": false,
									"underlined": false,
									"strikethrough": false,
									"obfuscated": false
								},
								{
									"translate": "item.yggdrasil.divine_key.lore.2",
									"fallback": "a previously sealed Vault or Ominous Vault",
									"color": "#a0a0a0",
									"bold": false,
									"italic": false,
									"underlined": false,
									"strikethrough": false,
									"obfuscated": false
								},
								{
									"text": ""
								},
								{
									"translate": "yggdrasil.game_design.left_click_to_use",
									"fallback": "[Left click to use]",
									"color": "#707070",
									"bold": false,
									"italic": false,
									"underlined": false,
									"strikethrough": false,
									"obfuscated": false
								}
							],
							"mode": "replace_all"
						}
					]
				}
			]
		}
	],
	"random_sequence": "yggdrasil:asflors/key"
}
