{
	"type": "minecraft:equipment",
	"pools": [
		{
			"rolls": 1,
			"bonus_rolls": 0,
			"entries": [
				{
					"type": "minecraft:item",
					"name": "minecraft:iron_helmet",
					"weight": 4,
					"functions": [
						{
							"function": "minecraft:set_components",
							"components": {
								"minecraft:trim": {
									"material": "minecraft:amethyst",
									"pattern": "minecraft:wayfinder"
								}
							}
						}
					]
				},
				{
					"type": "minecraft:item",
					"name": "minecraft:iron_helmet",
					"weight": 3,
					"functions": [
						{
							"function": "minecraft:enchant_with_levels",
							"levels": {
								"min": 20,
								"max": 45
							}
						},
						{
							"function": "minecraft:set_components",
							"components": {
								"minecraft:trim": {
									"material": "minecraft:copper",
									"pattern": "minecraft:bolt"
								}
							}
						},
						{
							"function": "minecraft:enchant_randomly",
							"options": "#yggdrasil:equipment/item/helmet",
							"only_compatible": true
						}
					]
				},
				{
					"type": "minecraft:item",
					"name": "minecraft:diamond_helmet",
					"weight": 2,
					"functions": [
						{
							"function": "minecraft:set_components",
							"components": {
								"minecraft:trim": {
									"material": "minecraft:diamond",
									"pattern": "minecraft:dune"
								}
							}
						}
					]
				},
				{
					"type": "minecraft:item",
					"name": "minecraft:diamond_helmet",
					"weight": 2,
					"functions": [
						{
							"function": "minecraft:enchant_with_levels",
							"levels": {
								"min": 20,
								"max": 45
							}
						},
						{
							"function": "minecraft:set_components",
							"components": {
								"minecraft:trim": {
									"material": "minecraft:netherite",
									"pattern": "minecraft:shaper"
								}
							}
						},
						{
							"function": "minecraft:enchant_randomly",
							"options": "#yggdrasil:equipment/item/helmet",
							"only_compatible": true
						}
					]
				},
				{
					"type": "minecraft:item",
					"name": "minecraft:netherite_helmet",
					"weight": 1,
					"functions": [
						{
							"function": "minecraft:set_components",
							"components": {
								"minecraft:trim": {
									"material": "minecraft:redstone",
									"pattern": "minecraft:silence"
								}
							}
						}
					]
				},
				{
					"type": "minecraft:item",
					"name": "minecraft:netherite_helmet",
					"weight": 1,
					"functions": [
						{
							"function": "minecraft:enchant_with_levels",
							"levels": {
								"min": 20,
								"max": 45
							}
						},
						{
							"function": "minecraft:set_components",
							"components": {
								"minecraft:trim": {
									"material": "minecraft:quartz",
									"pattern": "minecraft:flow"
								}
							}
						},
						{
							"function": "minecraft:enchant_randomly",
							"options": "#yggdrasil:equipment/item/helmet",
							"only_compatible": true
						}
					]
				}
			]
		}
	],
	"random_sequence": "yggdrasil:equipment"
}
