{
	"display": {
		"icon": {
			"id": "minecraft:enchanted_book"
		},
		"title": {
			"translate": "enchantment.enchantplus.runic_despair",
			"fallback": "Runic Despair",
			"color": "#40E6FF"
		},
		"description": {
			"translate": "advancement.enchantplus.description.runic_despair",
			"fallback": "Unleash runic power"
		},
		"frame": "task",
		"show_toast": false,
		"announce_to_chat": false,
		"hidden": false
	},
	"parent": "enchantplus:weapons/sword/critical",
	"criteria": {
		"requirement": {
			"trigger": "minecraft:inventory_changed",
			"conditions": {
				"items": [
					{
						"predicates": {
							"minecraft:enchantments": [
								{
									"enchantments": "enchantplus:sword/runic_despair"
								}
							]
						}
					}
				]
			}
		}
	}
}
