{
	"type": "minecraft:chest",
	"pools": [
		{
			"rolls": 1,
			"entries": [
				{
					"type": "minecraft:item",
					"name": "minecraft:apple",
					"functions": [
						{
							"function": "minecraft:set_name",
							"entity": "this",
							"target": "item_name",
							"name": {
								"translate": "item.yggdrasil.generic.ran_fruit",
								"fallback": "Apple of Rân"
							}
						},
						{
							"function": "minecraft:set_components",
							"components": {
								"minecraft:rarity": "epic",
								"minecraft:enchantment_glint_override": true,
								"minecraft:custom_data": {
									"yggdrasil": {
										"id": "yggdrasil.runic_labyrinth.treasure.ran_apple"
									}
								}
							}
						},
						{
							"function": "minecraft:set_lore",
							"entity": "this",
							"lore": [
								{
									"translate": "item.yggdrasil.generic.ran_fruit.teleport",
									"fallback": "Teleport to the top of the world",
									"color": "#a0a0a0",
									"bold": false,
									"italic": false,
									"underlined": false,
									"strikethrough": false,
									"obfuscated": false
								},
								{
									"text": ""
								},
								{
									"translate": "item.yggdrasil.runic_labyrinth.location",
									"fallback": "[Runic Labyrinth]",
									"color": "#e7e7e7",
									"bold": false,
									"italic": false,
									"underlined": false,
									"strikethrough": false,
									"obfuscated": false
								}
							],
							"mode": "replace_all"
						}
					]
				}
			]
		}
	],
	"random_sequence": "yggdrasil:asflors/treasure"
}
