{
	"type": "minecraft:chest",
	"pools": [
		{
			"rolls": 1,
			"entries": [
				{
					"type": "minecraft:item",
					"name": "minecraft:bow",
					"functions": [
						{
							"function": "minecraft:set_name",
							"entity": "this",
							"target": "item_name",
							"name": {
								"translate": "item.yggdrasil.runic_labyrinth.twilight_of_yggdrasil_bow",
								"fallback": "Twilight of Yggdrasil Bow",
								"color": "#9c9c9c"
							}
						},
						{
							"function": "minecraft:enchant_randomly",
							"options": "#yggdrasil:structure/runic_labyrinth/twilight_of_yggdrasil_bow",
							"only_compatible": true
						},
						{
							"function": "minecraft:set_components",
							"components": {
								"minecraft:unbreakable": {
									"show_in_tooltip": true
								},
								"minecraft:custom_data": {
									"yggdrasil": {
										"id": "yggdrasil.runic_labyrinth.treasure.twilight_of_yggdrasil_bow"
									}
								}
							}
						},
						{
							"function": "minecraft:set_lore",
							"entity": "this",
							"lore": [
								{
									"translate": "item.yggdrasil.runic_labyrinth.twilight_of_yggdrasil_bow.lore",
									"fallback": "Twilight of Yggdrasil Bow",
									"color": "#707070"
								}
							],
							"mode": "replace_all"
						},
						{
							"function": "minecraft:set_attributes",
							"modifiers": [
								{
									"attribute": "minecraft:generic.movement_speed",
									"id": "yggdrasil.twilight_of_yggdrasil_bow.movement_speed",
									"amount": 1.15,
									"operation": "add_multiplied_base",
									"slot": "mainhand"
								},
								{
									"attribute": "minecraft:generic.knockback_resistance",
									"id": "yggdrasil.twilight_of_yggdrasil_bow.knockback_resistance",
									"amount": 0.25,
									"operation": "add_multiplied_total",
									"slot": "mainhand"
								},
								{
									"attribute": "minecraft:generic.safe_fall_distance",
									"id": "yggdrasil.twilight_of_yggdrasil_bow.safe_fall_distance",
									"amount": 7,
									"operation": "add_value",
									"slot": "mainhand"
								},
								{
									"attribute": "minecraft:generic.gravity",
									"id": "yggdrasil.twilight_of_yggdrasil_bow.gravity",
									"amount": 1.25,
									"operation": "add_multiplied_total",
									"slot": "mainhand"
								}
							]
						}
					]
				}
			]
		}
	],
	"random_sequence": "yggdrasil:runic_labyrinth/treasure"
}
