{
	"description": {
		"translate": "enchantment.enchantplus.lifeplus",
		"fallback": "Life+"
	},
	"exclusive_set": "#enchantplus:exclusive_set/armor",
	"supported_items": "#minecraft:enchantable/armor",
	"weight": 8,
	"max_level": 5,
	"min_cost": {
		"base": 9,
		"per_level_above_first": 9
	},
	"max_cost": {
		"base": 21,
		"per_level_above_first": 11
	},
	"anvil_cost": 1,
	"slots": ["armor"],
	"effects": {
		"minecraft:attributes": [
			{
				"id": "minecraft:enchantment.lifeplus",
				"attribute": "minecraft:generic.max_health",
				"amount": {
					"type": "minecraft:linear",
					"base": 2,
					"per_level_above_first": 2
				},
				"operation": "add_value"
			}
		]
	}
}
