{
	"type": "minecraft:chest",
	"pools": [
		{
			"rolls": 1,
			"entries": [
				{
					"type": "minecraft:item",
					"name": "minecraft:written_book",
					"functions": [
						{
							"function": "minecraft:set_name",
							"target": "item_name",
							"entity": "this",
							"name": {
								"translate": "item.yggdrasil.helheim.chronicles.quest.collection.title",
								"fallback": "The Collection of Chronicles"
							}
						},
						{
							"function": "minecraft:set_components",
							"components": {
								"minecraft:custom_data": {
									"yggdrasil": {
										"id": "yggdrasil.helheim.lore.quest_collection"
									}
								}
							}
						},
						{
							"function": "minecraft:set_written_book_pages",
							"pages": [
								{
									"translate": "item.yggdrasil.helheim.chronicles.quest.collection.p1",
									"fallback": "These writings scattered throughout Helheim are not mere records."
								},
								{
									"translate": "item.yggdrasil.helheim.chronicles.quest.collection.p2",
									"fallback": "Each page contains a fragment of understanding, a piece of the puzzle that reveals the true nature of our existence."
								},
								{
									"translate": "item.yggdrasil.helheim.chronicles.quest.collection.p3",
									"fallback": "Gather them, and you will begin to understand why we, the successive Hels, have maintained this archive."
								},
								{
									"translate": "item.yggdrasil.helheim.chronicles.quest.collection.p4",
									"fallback": "Why each of us has contributed to this growing testament of our shared experience."
								},
								{
									"translate": "item.yggdrasil.helheim.chronicles.quest.collection.p5",
									"fallback": "These writings are more than just a collection - they are the key to understanding why we must change this world."
								},
								{
									"translate": "item.yggdrasil.helheim.chronicles.quest.collection.p6",
									"fallback": "Why Ragnarök is not an end, but perhaps our only hope for redemption."
								}
							],
							"mode": "replace_all"
						},
						{
							"function": "minecraft:set_lore",
							"entity": "this",
							"lore": [
								{
									"text": ""
								},
								{
									"translate": "item.yggdrasil.quest_item.story",
									"fallback": "(Quest Item - Story)",
									"color": "#707070",
									"bold": false,
									"italic": false,
									"underlined": false,
									"strikethrough": false,
									"obfuscated": false
								},
								{
									"translate": "item.yggdrasil.helheim.location",
									"fallback": "[Helheim]",
									"color": "#6b1616",
									"bold": false,
									"italic": false,
									"underlined": false,
									"strikethrough": false,
									"obfuscated": false
								}
							],
							"mode": "replace_all"
						}
					]
				}
			]
		}
	],
	"random_sequence": "yggdrasil:helheim/lore"
}
