{
	"criteria": {
		"on_change": {
			"trigger": "minecraft:inventory_changed",
			"conditions": {
				"player": {
					"nbt": "{Tags:[\"yggdrasil.player.neva\"]}"
				},
				"items": [
					{
						"components": {
							"minecraft:custom_data": {
								"yggdrasil": {
									"id": "yggdrasil.helheim.treasure.rune_of_reva"
								}
							}
						}
					}
				]
			}
		},
		"inventory_check": {
			"trigger": "minecraft:tick",
			"conditions": {
				"player": {
					"nbt": "{Tags:[\"yggdrasil.player.neva\"]}",
					"slots": {
						"inventory.*": {
							"components": {
								"minecraft:custom_data": {
									"yggdrasil": {
										"id": "yggdrasil.helheim.treasure.rune_of_reva"
									}
								}
							}
						}
					},
					"periodic_tick": 600
				}
			}
		},
		"hotbar_check": {
			"trigger": "minecraft:tick",
			"conditions": {
				"player": {
					"nbt": "{Tags:[\"yggdrasil.player.neva\"]}",
					"slots": {
						"hotbar.*": {
							"components": {
								"minecraft:custom_data": {
									"yggdrasil": {
										"id": "yggdrasil.helheim.treasure.rune_of_reva"
									}
								}
							}
						}
					},
					"periodic_tick": 600
				}
			}
		}
	},
	"requirements": [["on_change", "inventory_check", "hotbar_check"]],
	"rewards": {
		"function": "yggdrasil:pet/reva/give_effect"
	}
}
