{
	"type": "minecraft:chest",
	"pools": [
		{
			"rolls": {
				"min": 1,
				"max": 3
			},
			"entries": [
				{
					"weight": 3,
					"type": "minecraft:loot_table",
					"value": "yggdrasil:generic/reward/random/archer"
				},
				{
					"weight": 3,
					"type": "minecraft:loot_table",
					"value": "yggdrasil:generic/reward/random/arrow"
				},
				{
					"weight": 3,
					"type": "minecraft:loot_table",
					"value": "yggdrasil:generic/reward/random/dye"
				},
				{
					"weight": 4,
					"type": "minecraft:loot_table",
					"value": "yggdrasil:generic/reward/random/redstone"
				},
				{
					"weight": 2,
					"type": "minecraft:loot_table",
					"value": "yggdrasil:generic/reward/random/echo"
				},
				{
					"weight": 4,
					"type": "minecraft:loot_table",
					"value": "yggdrasil:generic/reward/random/food"
				},
				{
					"weight": 3,
					"type": "minecraft:loot_table",
					"value": "yggdrasil:generic/reward/random/harvest"
				},
				{
					"weight": 3,
					"type": "minecraft:loot_table",
					"value": "yggdrasil:generic/reward/random/small"
				},
				{
					"weight": 1,
					"type": "minecraft:loot_table",
					"value": "yggdrasil:generic/reward/random/treasure"
				},
				{
					"weight": 1,
					"type": "minecraft:loot_table",
					"value": "yggdrasil:generic/reward/random/magic"
				},
				{
					"type": "minecraft:empty",
					"weight": 8
				}
			]
		}
	],
	"random_sequence": "yggdrasil:dokkalfar_ruins/reward"
}
