{
	"processors": [
		{
			"processor_type": "minecraft:rule",
			"rules": [
				{
					"location_predicate": {
						"predicate_type": "minecraft:always_true"
					},
					"input_predicate": {
						"predicate_type": "minecraft:block_match",
						"block": "minecraft:cherry_wood"
					},
					"output_state": {
						"Name": "minecraft:white_concrete"
					}
				},
				{
					"location_predicate": {
						"predicate_type": "minecraft:always_true"
					},
					"input_predicate": {
						"predicate_type": "minecraft:block_match",
						"block": "minecraft:cherry_log"
					},
					"output_state": {
						"Name": "minecraft:white_concrete"
					}
				},
				{
					"location_predicate": {
						"predicate_type": "minecraft:always_true"
					},
					"input_predicate": {
						"predicate_type": "minecraft:block_match",
						"block": "minecraft:cherry_leaves"
					},
					"output_state": {
						"Name": "minecraft:black_concrete"
					}
				},
				{
					"location_predicate": {
						"predicate_type": "minecraft:always_true"
					},
					"input_predicate": {
						"predicate_type": "minecraft:block_match",
						"block": "minecraft:amethyst_block"
					},
					"output_state": {
						"Name": "minecraft:pearlescent_froglight"
					}
				},
				{
					"location_predicate": {
						"predicate_type": "minecraft:always_true"
					},
					"input_predicate": {
						"predicate_type": "minecraft:block_match",
						"block": "minecraft:budding_amethyst"
					},
					"output_state": {
						"Name": "minecraft:pearlescent_froglight"
					}
				},
				{
					"location_predicate": {
						"predicate_type": "minecraft:always_true"
					},
					"input_predicate": {
						"predicate_type": "minecraft:block_match",
						"block": "minecraft:cherry_fence"
					},
					"output_state": {
						"Name": "minecraft:crimson_fence"
					}
				},
				{
					"location_predicate": {
						"predicate_type": "minecraft:always_true"
					},
					"input_predicate": {
						"predicate_type": "minecraft:block_match",
						"block": "minecraft:cherry_slab"
					},
					"output_state": {
						"Name": "minecraft:crimson_slab"
					}
				}
			]
		}
	]
}
