{
	"type": "minecraft:chest",
	"pools": [
		{
			"rolls": 1,
			"entries": [
				{
					"type": "minecraft:item",
					"name": "minecraft:written_book",
					"functions": [
						{
							"function": "minecraft:set_name",
							"target": "item_name",
							"entity": "this",
							"name": {
								"translate": "item.yggdrasil.asgard.secret_chapter.9.title",
								"fallback": "Secret Chapter 9: The Immortal"
							}
						},
						{
							"function": "minecraft:set_components",
							"components": {
								"minecraft:custom_data": {
									"yggdrasil": {
										"id": "yggdrasil.asgard.lore.chapter.secret"
									}
								}
							}
						},
						{
							"function": "minecraft:set_written_book_pages",
							"pages": [
								{
									"translate": "item.yggdrasil.asgard.secret_chapter.9.content",
									"fallback": "Today I encountered a fascinating anomaly - a child who does not age."
								},
								{
									"translate": "item.yggdrasil.asgard.secret_chapter.9.content2",
									"fallback": "At first, I thought it was a bug in the system, but after consulting the administrator logs, I discovered that he had been made immortal by the first incarnation of Hel."
								},
								{
									"translate": "item.yggdrasil.asgard.secret_chapter.9.content3",
									"fallback": "In his eyes, I saw millennia of suffering. But I fear his pain is too deep, too ingrained."
								},
								{
									"translate": "item.yggdrasil.asgard.secret_chapter.9.content4",
									"fallback": "Only Ragnarök could offer true liberation."
								}
							],
							"mode": "replace_all"
						},
						{
							"function": "minecraft:set_lore",
							"entity": "this",
							"lore": [
								{
									"text": ""
								},
								{
									"translate": "item.yggdrasil.quest_item.story",
									"fallback": "(Quest Item - Story)",
									"color": "#707070",
									"bold": false,
									"italic": false,
									"underlined": false,
									"strikethrough": false,
									"obfuscated": false
								},
								{
									"translate": "item.yggdrasil.asgard.location",
									"fallback": "[Asgard]",
									"color": "#2a6b16",
									"bold": false,
									"italic": false,
									"underlined": false,
									"strikethrough": false,
									"obfuscated": false
								}
							],
							"mode": "replace_all"
						}
					]
				}
			]
		}
	],
	"random_sequence": "yggdrasil:asgard/lore"
}
