{
	"anvil_cost": 2,
	"description": {
		"translate": "enchantment.enchantplus.attack_speed",
		"fallback": "Attack Speed"
	},
	"effects": {
		"minecraft:attributes": [
			{
				"id": "minecraft:enchantment.attack_speed",
				"attribute": "minecraft:generic.attack_speed",
				"amount": {
					"type": "minecraft:linear",
					"base": 0.15,
					"per_level_above_first": 0.15
				},
				"operation": "add_multiplied_base"
			}
		]
	},
	"max_cost": {
		"base": 21,
		"per_level_above_first": 9
	},
	"max_level": 2,
	"min_cost": {
		"base": 8,
		"per_level_above_first": 11
	},
	"slots": ["mainhand"],
	"exclusive_set": "#enchantplus:exclusive_set/sword_attribute",
	"supported_items": "#minecraft:enchantable/sword",
	"weight": 4
}
