{
    "description": {
        "translate": "enchantment.enchantplus.fear",
        "fallback": "Fear"
    },
    "exclusive_set": "#enchantplus:exclusive_set/sword_effect",
    "supported_items": "#minecraft:enchantable/sword",
    "weight": 2,
    "max_level": 1,
    "min_cost": {
        "base": 25,
        "per_level_above_first": 9
    },
    "max_cost": {
        "base": 65,
        "per_level_above_first": 9
    },
    "anvil_cost": 2,
    "slots": [
        "hand"
    ],
    "effects": {
        "minecraft:post_attack": [
            {
                "enchanted": "attacker",
                "affected": "victim",
                "effect": {
                    "type": "minecraft:run_function",
                    "function": "enchantplus:actions/fear"
                }
            }
        ]
    }
}