{
    "description": {
        "translate": "enchantment.enchantplus.life_steal",
        "fallback": "Life Steal"
    },
    "exclusive_set": "#enchantplus:exclusive_set/sword_effect",
    "supported_items": "#minecraft:enchantable/weapon",
    "primary_items": "#minecraft:enchantable/sword",
    "weight": 4,
    "max_level": 3,
    "min_cost": {
        "base": 5,
        "per_level_above_first": 15
    },
    "max_cost": {
        "base": 35,
        "per_level_above_first": 12
    },
    "anvil_cost": 2,
    "slots": [
        "mainhand"
    ],
    "effects": {
        "minecraft:post_attack": [
            {
                "enchanted": "attacker",
                "affected": "attacker",
                "effect": {
                    "type": "minecraft:apply_mob_effect",
                    "to_apply": "minecraft:regeneration",
                    "min_duration": 2.5,
                    "max_duration": {
                        "type": "minecraft:linear",
                        "base": 2.5,
                        "per_level_above_first": 3.5
                    },
                    "min_amplifier": 1,
                    "max_amplifier": 1
                },
                "requirements": {
                    "condition": "minecraft:random_chance",
                    "chance": {
                        "type": "minecraft:enchantment_level",
                        "amount": {
                            "type": "minecraft:linear",
                            "base": 0.15,
                            "per_level_above_first": 0.15
                        }
                    }
                }
            }
        ]
    }
}