{
    "description": {
        "translate": "enchantment.enchantplus.pull",
        "fallback": "Pull"
    },
    "exclusive_set": "#enchantplus:exclusive_set/sword_effect",
    "supported_items": "#minecraft:enchantable/weapon",
    "primary_items": "#minecraft:enchantable/sword",
    "weight": 1,
    "max_level": 1,
    "min_cost": {
        "base": 40,
        "per_level_above_first": 15
    },
    "max_cost": {
        "base": 50,
        "per_level_above_first": 15
    },
    "anvil_cost": 6,
    "slots": ["mainhand"],
    "effects": {
        "minecraft:post_attack": [
            {
                "enchanted": "attacker",
                "affected": "victim",
                "effect": {
                    "type": "minecraft:run_function",
                    "function": "enchantplus:actions/pull/allay"
                },
                "requirements": {
                    "condition": "minecraft:all_of",
                    "terms": [
                        {
                            "condition": "minecraft:entity_properties",
                            "entity": "this",
                            "predicate": {
                                "type": "minecraft:allay"
                            }
                        },
                        {
                            "condition": "minecraft:random_chance",
                            "chance": 0.01
                        }
                    ]
                }
            },
            {
                "enchanted": "attacker",
                "affected": "victim",
                "effect": {
                    "type": "minecraft:run_function",
                    "function": "enchantplus:actions/pull/armadillo"
                },
                "requirements": {
                    "condition": "minecraft:all_of",
                    "terms": [
                        {
                            "condition": "minecraft:entity_properties",
                            "entity": "this",
                            "predicate": {
                                "type": "minecraft:armadillo"
                            }
                        },
                        {
                            "condition": "minecraft:random_chance",
                            "chance": 0.01
                        }
                    ]
                }
            },
            {
                "enchanted": "attacker",
                "affected": "victim",
                "effect": {
                    "type": "minecraft:run_function",
                    "function": "enchantplus:actions/pull/axolotl"
                },
                "requirements": {
                    "condition": "minecraft:all_of",
                    "terms": [
                        {
                            "condition": "minecraft:entity_properties",
                            "entity": "this",
                            "predicate": {
                                "type": "minecraft:axolotl"
                            }
                        },
                        {
                            "condition": "minecraft:random_chance",
                            "chance": 0.01
                        }
                    ]
                }
            },
            {
                "enchanted": "attacker",
                "affected": "victim",
                "effect": {
                    "type": "minecraft:run_function",
                    "function": "enchantplus:actions/pull/bat"
                },
                "requirements": {
                    "condition": "minecraft:all_of",
                    "terms": [
                        {
                            "condition": "minecraft:entity_properties",
                            "entity": "this",
                            "predicate": {
                                "type": "minecraft:bat"
                            }
                        },
                        {
                            "condition": "minecraft:random_chance",
                            "chance": 0.01
                        }
                    ]
                }
            },
            {
                "enchanted": "attacker",
                "affected": "victim",
                "effect": {
                    "type": "minecraft:run_function",
                    "function": "enchantplus:actions/pull/bee"
                },
                "requirements": {
                    "condition": "minecraft:all_of",
                    "terms": [
                        {
                            "condition": "minecraft:entity_properties",
                            "entity": "this",
                            "predicate": {
                                "type": "minecraft:bee"
                            }
                        },
                        {
                            "condition": "minecraft:random_chance",
                            "chance": 0.01
                        }
                    ]
                }
            },
            {
                "enchanted": "attacker",
                "affected": "victim",
                "effect": {
                    "type": "minecraft:run_function",
                    "function": "enchantplus:actions/pull/blaze"
                },
                "requirements": {
                    "condition": "minecraft:all_of",
                    "terms": [
                        {
                            "condition": "minecraft:entity_properties",
                            "entity": "this",
                            "predicate": {
                                "type": "minecraft:blaze"
                            }
                        },
                        {
                            "condition": "minecraft:random_chance",
                            "chance": 0.01
                        }
                    ]
                }
            },
            {
                "enchanted": "attacker",
                "affected": "victim",
                "effect": {
                    "type": "minecraft:run_function",
                    "function": "enchantplus:actions/pull/bogged"
                },
                "requirements": {
                    "condition": "minecraft:all_of",
                    "terms": [
                        {
                            "condition": "minecraft:entity_properties",
                            "entity": "this",
                            "predicate": {
                                "type": "minecraft:bogged"
                            }
                        },
                        {
                            "condition": "minecraft:random_chance",
                            "chance": 0.01
                        }
                    ]
                }
            },
            {
                "enchanted": "attacker",
                "affected": "victim",
                "effect": {
                    "type": "minecraft:run_function",
                    "function": "enchantplus:actions/pull/breeze"
                },
                "requirements": {
                    "condition": "minecraft:all_of",
                    "terms": [
                        {
                            "condition": "minecraft:entity_properties",
                            "entity": "this",
                            "predicate": {
                                "type": "minecraft:breeze"
                            }
                        },
                        {
                            "condition": "minecraft:random_chance",
                            "chance": 0.01
                        }
                    ]
                }
            },
            {
                "enchanted": "attacker",
                "affected": "victim",
                "effect": {
                    "type": "minecraft:run_function",
                    "function": "enchantplus:actions/pull/camel"
                },
                "requirements": {
                    "condition": "minecraft:all_of",
                    "terms": [
                        {
                            "condition": "minecraft:entity_properties",
                            "entity": "this",
                            "predicate": {
                                "type": "minecraft:camel"
                            }
                        },
                        {
                            "condition": "minecraft:random_chance",
                            "chance": 0.01
                        }
                    ]
                }
            },
            {
                "enchanted": "attacker",
                "affected": "victim",
                "effect": {
                    "type": "minecraft:run_function",
                    "function": "enchantplus:actions/pull/cat"
                },
                "requirements": {
                    "condition": "minecraft:all_of",
                    "terms": [
                        {
                            "condition": "minecraft:entity_properties",
                            "entity": "this",
                            "predicate": {
                                "type": "minecraft:cat"
                            }
                        },
                        {
                            "condition": "minecraft:random_chance",
                            "chance": 0.01
                        }
                    ]
                }
            },
            {
                "enchanted": "attacker",
                "affected": "victim",
                "effect": {
                    "type": "minecraft:run_function",
                    "function": "enchantplus:actions/pull/cave_spider"
                },
                "requirements": {
                    "condition": "minecraft:all_of",
                    "terms": [
                        {
                            "condition": "minecraft:entity_properties",
                            "entity": "this",
                            "predicate": {
                                "type": "minecraft:cave_spider"
                            }
                        },
                        {
                            "condition": "minecraft:random_chance",
                            "chance": 0.01
                        }
                    ]
                }
            },
            {
                "enchanted": "attacker",
                "affected": "victim",
                "effect": {
                    "type": "minecraft:run_function",
                    "function": "enchantplus:actions/pull/chicken"
                },
                "requirements": {
                    "condition": "minecraft:all_of",
                    "terms": [
                        {
                            "condition": "minecraft:entity_properties",
                            "entity": "this",
                            "predicate": {
                                "type": "minecraft:chicken"
                            }
                        },
                        {
                            "condition": "minecraft:random_chance",
                            "chance": 0.01
                        }
                    ]
                }
            },
            {
                "enchanted": "attacker",
                "affected": "victim",
                "effect": {
                    "type": "minecraft:run_function",
                    "function": "enchantplus:actions/pull/cod"
                },
                "requirements": {
                    "condition": "minecraft:all_of",
                    "terms": [
                        {
                            "condition": "minecraft:entity_properties",
                            "entity": "this",
                            "predicate": {
                                "type": "minecraft:cod"
                            }
                        },
                        {
                            "condition": "minecraft:random_chance",
                            "chance": 0.01
                        }
                    ]
                }
            },
            {
                "enchanted": "attacker",
                "affected": "victim",
                "effect": {
                    "type": "minecraft:run_function",
                    "function": "enchantplus:actions/pull/cow"
                },
                "requirements": {
                    "condition": "minecraft:all_of",
                    "terms": [
                        {
                            "condition": "minecraft:entity_properties",
                            "entity": "this",
                            "predicate": {
                                "type": "minecraft:cow"
                            }
                        },
                        {
                            "condition": "minecraft:random_chance",
                            "chance": 0.01
                        }
                    ]
                }
            },
            {
                "enchanted": "attacker",
                "affected": "victim",
                "effect": {
                    "type": "minecraft:run_function",
                    "function": "enchantplus:actions/pull/creeper"
                },
                "requirements": {
                    "condition": "minecraft:all_of",
                    "terms": [
                        {
                            "condition": "minecraft:entity_properties",
                            "entity": "this",
                            "predicate": {
                                "type": "minecraft:creeper"
                            }
                        },
                        {
                            "condition": "minecraft:random_chance",
                            "chance": 0.01
                        }
                    ]
                }
            },
            {
                "enchanted": "attacker",
                "affected": "victim",
                "effect": {
                    "type": "minecraft:run_function",
                    "function": "enchantplus:actions/pull/dolphin"
                },
                "requirements": {
                    "condition": "minecraft:all_of",
                    "terms": [
                        {
                            "condition": "minecraft:entity_properties",
                            "entity": "this",
                            "predicate": {
                                "type": "minecraft:dolphin"
                            }
                        },
                        {
                            "condition": "minecraft:random_chance",
                            "chance": 0.01
                        }
                    ]
                }
            },
            {
                "enchanted": "attacker",
                "affected": "victim",
                "effect": {
                    "type": "minecraft:run_function",
                    "function": "enchantplus:actions/pull/donkey"
                },
                "requirements": {
                    "condition": "minecraft:all_of",
                    "terms": [
                        {
                            "condition": "minecraft:entity_properties",
                            "entity": "this",
                            "predicate": {
                                "type": "minecraft:donkey"
                            }
                        },
                        {
                            "condition": "minecraft:random_chance",
                            "chance": 0.01
                        }
                    ]
                }
            },
            {
                "enchanted": "attacker",
                "affected": "victim",
                "effect": {
                    "type": "minecraft:run_function",
                    "function": "enchantplus:actions/pull/drowned"
                },
                "requirements": {
                    "condition": "minecraft:all_of",
                    "terms": [
                        {
                            "condition": "minecraft:entity_properties",
                            "entity": "this",
                            "predicate": {
                                "type": "minecraft:drowned"
                            }
                        },
                        {
                            "condition": "minecraft:random_chance",
                            "chance": 0.01
                        }
                    ]
                }
            },
            {
                "enchanted": "attacker",
                "affected": "victim",
                "effect": {
                    "type": "minecraft:run_function",
                    "function": "enchantplus:actions/pull/elder_guardian"
                },
                "requirements": {
                    "condition": "minecraft:all_of",
                    "terms": [
                        {
                            "condition": "minecraft:entity_properties",
                            "entity": "this",
                            "predicate": {
                                "type": "minecraft:elder_guardian"
                            }
                        },
                        {
                            "condition": "minecraft:random_chance",
                            "chance": 0.01
                        }
                    ]
                }
            },
            {
                "enchanted": "attacker",
                "affected": "victim",
                "effect": {
                    "type": "minecraft:run_function",
                    "function": "enchantplus:actions/pull/enderman"
                },
                "requirements": {
                    "condition": "minecraft:all_of",
                    "terms": [
                        {
                            "condition": "minecraft:entity_properties",
                            "entity": "this",
                            "predicate": {
                                "type": "minecraft:enderman"
                            }
                        },
                        {
                            "condition": "minecraft:random_chance",
                            "chance": 0.01
                        }
                    ]
                }
            },
            {
                "enchanted": "attacker",
                "affected": "victim",
                "effect": {
                    "type": "minecraft:run_function",
                    "function": "enchantplus:actions/pull/endermite"
                },
                "requirements": {
                    "condition": "minecraft:all_of",
                    "terms": [
                        {
                            "condition": "minecraft:entity_properties",
                            "entity": "this",
                            "predicate": {
                                "type": "minecraft:endermite"
                            }
                        },
                        {
                            "condition": "minecraft:random_chance",
                            "chance": 0.01
                        }
                    ]
                }
            },
            {
                "enchanted": "attacker",
                "affected": "victim",
                "effect": {
                    "type": "minecraft:run_function",
                    "function": "enchantplus:actions/pull/ender_dragon"
                },
                "requirements": {
                    "condition": "minecraft:all_of",
                    "terms": [
                        {
                            "condition": "minecraft:entity_properties",
                            "entity": "this",
                            "predicate": {
                                "type": "minecraft:ender_dragon"
                            }
                        },
                        {
                            "condition": "minecraft:random_chance",
                            "chance": 0.01
                        }
                    ]
                }
            },
            {
                "enchanted": "attacker",
                "affected": "victim",
                "effect": {
                    "type": "minecraft:run_function",
                    "function": "enchantplus:actions/pull/evoker"
                },
                "requirements": {
                    "condition": "minecraft:all_of",
                    "terms": [
                        {
                            "condition": "minecraft:entity_properties",
                            "entity": "this",
                            "predicate": {
                                "type": "minecraft:evoker"
                            }
                        },
                        {
                            "condition": "minecraft:random_chance",
                            "chance": 0.01
                        }
                    ]
                }
            },
            {
                "enchanted": "attacker",
                "affected": "victim",
                "effect": {
                    "type": "minecraft:run_function",
                    "function": "enchantplus:actions/pull/fox"
                },
                "requirements": {
                    "condition": "minecraft:all_of",
                    "terms": [
                        {
                            "condition": "minecraft:entity_properties",
                            "entity": "this",
                            "predicate": {
                                "type": "minecraft:fox"
                            }
                        },
                        {
                            "condition": "minecraft:random_chance",
                            "chance": 0.01
                        }
                    ]
                }
            },
            {
                "enchanted": "attacker",
                "affected": "victim",
                "effect": {
                    "type": "minecraft:run_function",
                    "function": "enchantplus:actions/pull/frog"
                },
                "requirements": {
                    "condition": "minecraft:all_of",
                    "terms": [
                        {
                            "condition": "minecraft:entity_properties",
                            "entity": "this",
                            "predicate": {
                                "type": "minecraft:frog"
                            }
                        },
                        {
                            "condition": "minecraft:random_chance",
                            "chance": 0.01
                        }
                    ]
                }
            },
            {
                "enchanted": "attacker",
                "affected": "victim",
                "effect": {
                    "type": "minecraft:run_function",
                    "function": "enchantplus:actions/pull/ghast"
                },
                "requirements": {
                    "condition": "minecraft:all_of",
                    "terms": [
                        {
                            "condition": "minecraft:entity_properties",
                            "entity": "this",
                            "predicate": {
                                "type": "minecraft:ghast"
                            }
                        },
                        {
                            "condition": "minecraft:random_chance",
                            "chance": 0.01
                        }
                    ]
                }
            },
            {
                "enchanted": "attacker",
                "affected": "victim",
                "effect": {
                    "type": "minecraft:run_function",
                    "function": "enchantplus:actions/pull/giant"
                },
                "requirements": {
                    "condition": "minecraft:all_of",
                    "terms": [
                        {
                            "condition": "minecraft:entity_properties",
                            "entity": "this",
                            "predicate": {
                                "type": "minecraft:giant"
                            }
                        },
                        {
                            "condition": "minecraft:random_chance",
                            "chance": 0.01
                        }
                    ]
                }
            },
            {
                "enchanted": "attacker",
                "affected": "victim",
                "effect": {
                    "type": "minecraft:run_function",
                    "function": "enchantplus:actions/pull/glow_squid"
                },
                "requirements": {
                    "condition": "minecraft:all_of",
                    "terms": [
                        {
                            "condition": "minecraft:entity_properties",
                            "entity": "this",
                            "predicate": {
                                "type": "minecraft:glow_squid"
                            }
                        },
                        {
                            "condition": "minecraft:random_chance",
                            "chance": 0.01
                        }
                    ]
                }
            },
            {
                "enchanted": "attacker",
                "affected": "victim",
                "effect": {
                    "type": "minecraft:run_function",
                    "function": "enchantplus:actions/pull/goat"
                },
                "requirements": {
                    "condition": "minecraft:all_of",
                    "terms": [
                        {
                            "condition": "minecraft:entity_properties",
                            "entity": "this",
                            "predicate": {
                                "type": "minecraft:goat"
                            }
                        },
                        {
                            "condition": "minecraft:random_chance",
                            "chance": 0.01
                        }
                    ]
                }
            },
            {
                "enchanted": "attacker",
                "affected": "victim",
                "effect": {
                    "type": "minecraft:run_function",
                    "function": "enchantplus:actions/pull/guardian"
                },
                "requirements": {
                    "condition": "minecraft:all_of",
                    "terms": [
                        {
                            "condition": "minecraft:entity_properties",
                            "entity": "this",
                            "predicate": {
                                "type": "minecraft:guardian"
                            }
                        },
                        {
                            "condition": "minecraft:random_chance",
                            "chance": 0.01
                        }
                    ]
                }
            },
            {
                "enchanted": "attacker",
                "affected": "victim",
                "effect": {
                    "type": "minecraft:run_function",
                    "function": "enchantplus:actions/pull/hoglin"
                },
                "requirements": {
                    "condition": "minecraft:all_of",
                    "terms": [
                        {
                            "condition": "minecraft:entity_properties",
                            "entity": "this",
                            "predicate": {
                                "type": "minecraft:hoglin"
                            }
                        },
                        {
                            "condition": "minecraft:random_chance",
                            "chance": 0.01
                        }
                    ]
                }
            },
            {
                "enchanted": "attacker",
                "affected": "victim",
                "effect": {
                    "type": "minecraft:run_function",
                    "function": "enchantplus:actions/pull/horse"
                },
                "requirements": {
                    "condition": "minecraft:all_of",
                    "terms": [
                        {
                            "condition": "minecraft:entity_properties",
                            "entity": "this",
                            "predicate": {
                                "type": "minecraft:horse"
                            }
                        },
                        {
                            "condition": "minecraft:random_chance",
                            "chance": 0.01
                        }
                    ]
                }
            },
            {
                "enchanted": "attacker",
                "affected": "victim",
                "effect": {
                    "type": "minecraft:run_function",
                    "function": "enchantplus:actions/pull/husk"
                },
                "requirements": {
                    "condition": "minecraft:all_of",
                    "terms": [
                        {
                            "condition": "minecraft:entity_properties",
                            "entity": "this",
                            "predicate": {
                                "type": "minecraft:husk"
                            }
                        },
                        {
                            "condition": "minecraft:random_chance",
                            "chance": 0.01
                        }
                    ]
                }
            },
            {
                "enchanted": "attacker",
                "affected": "victim",
                "effect": {
                    "type": "minecraft:run_function",
                    "function": "enchantplus:actions/pull/illusioner"
                },
                "requirements": {
                    "condition": "minecraft:all_of",
                    "terms": [
                        {
                            "condition": "minecraft:entity_properties",
                            "entity": "this",
                            "predicate": {
                                "type": "minecraft:illusioner"
                            }
                        },
                        {
                            "condition": "minecraft:random_chance",
                            "chance": 0.01
                        }
                    ]
                }
            },
            {
                "enchanted": "attacker",
                "affected": "victim",
                "effect": {
                    "type": "minecraft:run_function",
                    "function": "enchantplus:actions/pull/iron_golem"
                },
                "requirements": {
                    "condition": "minecraft:all_of",
                    "terms": [
                        {
                            "condition": "minecraft:entity_properties",
                            "entity": "this",
                            "predicate": {
                                "type": "minecraft:iron_golem"
                            }
                        },
                        {
                            "condition": "minecraft:random_chance",
                            "chance": 0.01
                        }
                    ]
                }
            },
            {
                "enchanted": "attacker",
                "affected": "victim",
                "effect": {
                    "type": "minecraft:run_function",
                    "function": "enchantplus:actions/pull/llama"
                },
                "requirements": {
                    "condition": "minecraft:all_of",
                    "terms": [
                        {
                            "condition": "minecraft:entity_properties",
                            "entity": "this",
                            "predicate": {
                                "type": "minecraft:llama"
                            }
                        },
                        {
                            "condition": "minecraft:random_chance",
                            "chance": 0.01
                        }
                    ]
                }
            },
            {
                "enchanted": "attacker",
                "affected": "victim",
                "effect": {
                    "type": "minecraft:run_function",
                    "function": "enchantplus:actions/pull/magma_cube"
                },
                "requirements": {
                    "condition": "minecraft:all_of",
                    "terms": [
                        {
                            "condition": "minecraft:entity_properties",
                            "entity": "this",
                            "predicate": {
                                "type": "minecraft:magma_cube"
                            }
                        },
                        {
                            "condition": "minecraft:random_chance",
                            "chance": 0.01
                        }
                    ]
                }
            },
            {
                "enchanted": "attacker",
                "affected": "victim",
                "effect": {
                    "type": "minecraft:run_function",
                    "function": "enchantplus:actions/pull/mooshroom"
                },
                "requirements": {
                    "condition": "minecraft:all_of",
                    "terms": [
                        {
                            "condition": "minecraft:entity_properties",
                            "entity": "this",
                            "predicate": {
                                "type": "minecraft:mooshroom"
                            }
                        },
                        {
                            "condition": "minecraft:random_chance",
                            "chance": 0.01
                        }
                    ]
                }
            },
            {
                "enchanted": "attacker",
                "affected": "victim",
                "effect": {
                    "type": "minecraft:run_function",
                    "function": "enchantplus:actions/pull/mule"
                },
                "requirements": {
                    "condition": "minecraft:all_of",
                    "terms": [
                        {
                            "condition": "minecraft:entity_properties",
                            "entity": "this",
                            "predicate": {
                                "type": "minecraft:mule"
                            }
                        },
                        {
                            "condition": "minecraft:random_chance",
                            "chance": 0.01
                        }
                    ]
                }
            },
            {
                "enchanted": "attacker",
                "affected": "victim",
                "effect": {
                    "type": "minecraft:run_function",
                    "function": "enchantplus:actions/pull/ocelot"
                },
                "requirements": {
                    "condition": "minecraft:all_of",
                    "terms": [
                        {
                            "condition": "minecraft:entity_properties",
                            "entity": "this",
                            "predicate": {
                                "type": "minecraft:ocelot"
                            }
                        },
                        {
                            "condition": "minecraft:random_chance",
                            "chance": 0.01
                        }
                    ]
                }
            },
            {
                "enchanted": "attacker",
                "affected": "victim",
                "effect": {
                    "type": "minecraft:run_function",
                    "function": "enchantplus:actions/pull/panda"
                },
                "requirements": {
                    "condition": "minecraft:all_of",
                    "terms": [
                        {
                            "condition": "minecraft:entity_properties",
                            "entity": "this",
                            "predicate": {
                                "type": "minecraft:panda"
                            }
                        },
                        {
                            "condition": "minecraft:random_chance",
                            "chance": 0.01
                        }
                    ]
                }
            },
            {
                "enchanted": "attacker",
                "affected": "victim",
                "effect": {
                    "type": "minecraft:run_function",
                    "function": "enchantplus:actions/pull/parrot"
                },
                "requirements": {
                    "condition": "minecraft:all_of",
                    "terms": [
                        {
                            "condition": "minecraft:entity_properties",
                            "entity": "this",
                            "predicate": {
                                "type": "minecraft:parrot"
                            }
                        },
                        {
                            "condition": "minecraft:random_chance",
                            "chance": 0.01
                        }
                    ]
                }
            },
            {
                "enchanted": "attacker",
                "affected": "victim",
                "effect": {
                    "type": "minecraft:run_function",
                    "function": "enchantplus:actions/pull/phantom"
                },
                "requirements": {
                    "condition": "minecraft:all_of",
                    "terms": [
                        {
                            "condition": "minecraft:entity_properties",
                            "entity": "this",
                            "predicate": {
                                "type": "minecraft:phantom"
                            }
                        },
                        {
                            "condition": "minecraft:random_chance",
                            "chance": 0.01
                        }
                    ]
                }
            },
            {
                "enchanted": "attacker",
                "affected": "victim",
                "effect": {
                    "type": "minecraft:run_function",
                    "function": "enchantplus:actions/pull/pig"
                },
                "requirements": {
                    "condition": "minecraft:all_of",
                    "terms": [
                        {
                            "condition": "minecraft:entity_properties",
                            "entity": "this",
                            "predicate": {
                                "type": "minecraft:pig"
                            }
                        },
                        {
                            "condition": "minecraft:random_chance",
                            "chance": 0.01
                        }
                    ]
                }
            },
            {
                "enchanted": "attacker",
                "affected": "victim",
                "effect": {
                    "type": "minecraft:run_function",
                    "function": "enchantplus:actions/pull/piglin"
                },
                "requirements": {
                    "condition": "minecraft:all_of",
                    "terms": [
                        {
                            "condition": "minecraft:entity_properties",
                            "entity": "this",
                            "predicate": {
                                "type": "minecraft:piglin"
                            }
                        },
                        {
                            "condition": "minecraft:random_chance",
                            "chance": 0.01
                        }
                    ]
                }
            },
            {
                "enchanted": "attacker",
                "affected": "victim",
                "effect": {
                    "type": "minecraft:run_function",
                    "function": "enchantplus:actions/pull/piglin_brute"
                },
                "requirements": {
                    "condition": "minecraft:all_of",
                    "terms": [
                        {
                            "condition": "minecraft:entity_properties",
                            "entity": "this",
                            "predicate": {
                                "type": "minecraft:piglin_brute"
                            }
                        },
                        {
                            "condition": "minecraft:random_chance",
                            "chance": 0.01
                        }
                    ]
                }
            },
            {
                "enchanted": "attacker",
                "affected": "victim",
                "effect": {
                    "type": "minecraft:run_function",
                    "function": "enchantplus:actions/pull/pillager"
                },
                "requirements": {
                    "condition": "minecraft:all_of",
                    "terms": [
                        {
                            "condition": "minecraft:entity_properties",
                            "entity": "this",
                            "predicate": {
                                "type": "minecraft:pillager"
                            }
                        },
                        {
                            "condition": "minecraft:random_chance",
                            "chance": 0.01
                        }
                    ]
                }
            },
            {
                "enchanted": "attacker",
                "affected": "victim",
                "effect": {
                    "type": "minecraft:run_function",
                    "function": "enchantplus:actions/pull/polar_bear"
                },
                "requirements": {
                    "condition": "minecraft:all_of",
                    "terms": [
                        {
                            "condition": "minecraft:entity_properties",
                            "entity": "this",
                            "predicate": {
                                "type": "minecraft:polar_bear"
                            }
                        },
                        {
                            "condition": "minecraft:random_chance",
                            "chance": 0.01
                        }
                    ]
                }
            },
            {
                "enchanted": "attacker",
                "affected": "victim",
                "effect": {
                    "type": "minecraft:run_function",
                    "function": "enchantplus:actions/pull/pufferfish"
                },
                "requirements": {
                    "condition": "minecraft:all_of",
                    "terms": [
                        {
                            "condition": "minecraft:entity_properties",
                            "entity": "this",
                            "predicate": {
                                "type": "minecraft:pufferfish"
                            }
                        },
                        {
                            "condition": "minecraft:random_chance",
                            "chance": 0.01
                        }
                    ]
                }
            },
            {
                "enchanted": "attacker",
                "affected": "victim",
                "effect": {
                    "type": "minecraft:run_function",
                    "function": "enchantplus:actions/pull/rabbit"
                },
                "requirements": {
                    "condition": "minecraft:all_of",
                    "terms": [
                        {
                            "condition": "minecraft:entity_properties",
                            "entity": "this",
                            "predicate": {
                                "type": "minecraft:rabbit"
                            }
                        },
                        {
                            "condition": "minecraft:random_chance",
                            "chance": 0.01
                        }
                    ]
                }
            },
            {
                "enchanted": "attacker",
                "affected": "victim",
                "effect": {
                    "type": "minecraft:run_function",
                    "function": "enchantplus:actions/pull/ravager"
                },
                "requirements": {
                    "condition": "minecraft:all_of",
                    "terms": [
                        {
                            "condition": "minecraft:entity_properties",
                            "entity": "this",
                            "predicate": {
                                "type": "minecraft:ravager"
                            }
                        },
                        {
                            "condition": "minecraft:random_chance",
                            "chance": 0.01
                        }
                    ]
                }
            },
            {
                "enchanted": "attacker",
                "affected": "victim",
                "effect": {
                    "type": "minecraft:run_function",
                    "function": "enchantplus:actions/pull/salmon"
                },
                "requirements": {
                    "condition": "minecraft:all_of",
                    "terms": [
                        {
                            "condition": "minecraft:entity_properties",
                            "entity": "this",
                            "predicate": {
                                "type": "minecraft:salmon"
                            }
                        },
                        {
                            "condition": "minecraft:random_chance",
                            "chance": 0.01
                        }
                    ]
                }
            },
            {
                "enchanted": "attacker",
                "affected": "victim",
                "effect": {
                    "type": "minecraft:run_function",
                    "function": "enchantplus:actions/pull/sheep"
                },
                "requirements": {
                    "condition": "minecraft:all_of",
                    "terms": [
                        {
                            "condition": "minecraft:entity_properties",
                            "entity": "this",
                            "predicate": {
                                "type": "minecraft:sheep"
                            }
                        },
                        {
                            "condition": "minecraft:random_chance",
                            "chance": 0.01
                        }
                    ]
                }
            },
            {
                "enchanted": "attacker",
                "affected": "victim",
                "effect": {
                    "type": "minecraft:run_function",
                    "function": "enchantplus:actions/pull/shulker"
                },
                "requirements": {
                    "condition": "minecraft:all_of",
                    "terms": [
                        {
                            "condition": "minecraft:entity_properties",
                            "entity": "this",
                            "predicate": {
                                "type": "minecraft:shulker"
                            }
                        },
                        {
                            "condition": "minecraft:random_chance",
                            "chance": 0.01
                        }
                    ]
                }
            },
            {
                "enchanted": "attacker",
                "affected": "victim",
                "effect": {
                    "type": "minecraft:run_function",
                    "function": "enchantplus:actions/pull/silverfish"
                },
                "requirements": {
                    "condition": "minecraft:all_of",
                    "terms": [
                        {
                            "condition": "minecraft:entity_properties",
                            "entity": "this",
                            "predicate": {
                                "type": "minecraft:silverfish"
                            }
                        },
                        {
                            "condition": "minecraft:random_chance",
                            "chance": 0.01
                        }
                    ]
                }
            },
            {
                "enchanted": "attacker",
                "affected": "victim",
                "effect": {
                    "type": "minecraft:run_function",
                    "function": "enchantplus:actions/pull/skeleton"
                },
                "requirements": {
                    "condition": "minecraft:all_of",
                    "terms": [
                        {
                            "condition": "minecraft:entity_properties",
                            "entity": "this",
                            "predicate": {
                                "type": "minecraft:skeleton"
                            }
                        },
                        {
                            "condition": "minecraft:random_chance",
                            "chance": 0.01
                        }
                    ]
                }
            },
            {
                "enchanted": "attacker",
                "affected": "victim",
                "effect": {
                    "type": "minecraft:run_function",
                    "function": "enchantplus:actions/pull/skeleton_horse"
                },
                "requirements": {
                    "condition": "minecraft:all_of",
                    "terms": [
                        {
                            "condition": "minecraft:entity_properties",
                            "entity": "this",
                            "predicate": {
                                "type": "minecraft:skeleton_horse"
                            }
                        },
                        {
                            "condition": "minecraft:random_chance",
                            "chance": 0.01
                        }
                    ]
                }
            },
            {
                "enchanted": "attacker",
                "affected": "victim",
                "effect": {
                    "type": "minecraft:run_function",
                    "function": "enchantplus:actions/pull/slime"
                },
                "requirements": {
                    "condition": "minecraft:all_of",
                    "terms": [
                        {
                            "condition": "minecraft:entity_properties",
                            "entity": "this",
                            "predicate": {
                                "type": "minecraft:slime"
                            }
                        },
                        {
                            "condition": "minecraft:random_chance",
                            "chance": 0.01
                        }
                    ]
                }
            },
            {
                "enchanted": "attacker",
                "affected": "victim",
                "effect": {
                    "type": "minecraft:run_function",
                    "function": "enchantplus:actions/pull/sniffer"
                },
                "requirements": {
                    "condition": "minecraft:all_of",
                    "terms": [
                        {
                            "condition": "minecraft:entity_properties",
                            "entity": "this",
                            "predicate": {
                                "type": "minecraft:sniffer"
                            }
                        },
                        {
                            "condition": "minecraft:random_chance",
                            "chance": 0.01
                        }
                    ]
                }
            },
            {
                "enchanted": "attacker",
                "affected": "victim",
                "effect": {
                    "type": "minecraft:run_function",
                    "function": "enchantplus:actions/pull/snow_golem"
                },
                "requirements": {
                    "condition": "minecraft:all_of",
                    "terms": [
                        {
                            "condition": "minecraft:entity_properties",
                            "entity": "this",
                            "predicate": {
                                "type": "minecraft:snow_golem"
                            }
                        },
                        {
                            "condition": "minecraft:random_chance",
                            "chance": 0.01
                        }
                    ]
                }
            },
            {
                "enchanted": "attacker",
                "affected": "victim",
                "effect": {
                    "type": "minecraft:run_function",
                    "function": "enchantplus:actions/pull/spider"
                },
                "requirements": {
                    "condition": "minecraft:all_of",
                    "terms": [
                        {
                            "condition": "minecraft:entity_properties",
                            "entity": "this",
                            "predicate": {
                                "type": "minecraft:spider"
                            }
                        },
                        {
                            "condition": "minecraft:random_chance",
                            "chance": 0.01
                        }
                    ]
                }
            },
            {
                "enchanted": "attacker",
                "affected": "victim",
                "effect": {
                    "type": "minecraft:run_function",
                    "function": "enchantplus:actions/pull/squid"
                },
                "requirements": {
                    "condition": "minecraft:all_of",
                    "terms": [
                        {
                            "condition": "minecraft:entity_properties",
                            "entity": "this",
                            "predicate": {
                                "type": "minecraft:squid"
                            }
                        },
                        {
                            "condition": "minecraft:random_chance",
                            "chance": 0.01
                        }
                    ]
                }
            },
            {
                "enchanted": "attacker",
                "affected": "victim",
                "effect": {
                    "type": "minecraft:run_function",
                    "function": "enchantplus:actions/pull/stray"
                },
                "requirements": {
                    "condition": "minecraft:all_of",
                    "terms": [
                        {
                            "condition": "minecraft:entity_properties",
                            "entity": "this",
                            "predicate": {
                                "type": "minecraft:stray"
                            }
                        },
                        {
                            "condition": "minecraft:random_chance",
                            "chance": 0.01
                        }
                    ]
                }
            },
            {
                "enchanted": "attacker",
                "affected": "victim",
                "effect": {
                    "type": "minecraft:run_function",
                    "function": "enchantplus:actions/pull/strider"
                },
                "requirements": {
                    "condition": "minecraft:all_of",
                    "terms": [
                        {
                            "condition": "minecraft:entity_properties",
                            "entity": "this",
                            "predicate": {
                                "type": "minecraft:strider"
                            }
                        },
                        {
                            "condition": "minecraft:random_chance",
                            "chance": 0.01
                        }
                    ]
                }
            },
            {
                "enchanted": "attacker",
                "affected": "victim",
                "effect": {
                    "type": "minecraft:run_function",
                    "function": "enchantplus:actions/pull/tadpole"
                },
                "requirements": {
                    "condition": "minecraft:all_of",
                    "terms": [
                        {
                            "condition": "minecraft:entity_properties",
                            "entity": "this",
                            "predicate": {
                                "type": "minecraft:tadpole"
                            }
                        },
                        {
                            "condition": "minecraft:random_chance",
                            "chance": 0.01
                        }
                    ]
                }
            },
            {
                "enchanted": "attacker",
                "affected": "victim",
                "effect": {
                    "type": "minecraft:run_function",
                    "function": "enchantplus:actions/pull/trader_llama"
                },
                "requirements": {
                    "condition": "minecraft:all_of",
                    "terms": [
                        {
                            "condition": "minecraft:entity_properties",
                            "entity": "this",
                            "predicate": {
                                "type": "minecraft:trader_llama"
                            }
                        },
                        {
                            "condition": "minecraft:random_chance",
                            "chance": 0.01
                        }
                    ]
                }
            },
            {
                "enchanted": "attacker",
                "affected": "victim",
                "effect": {
                    "type": "minecraft:run_function",
                    "function": "enchantplus:actions/pull/tropical_fish"
                },
                "requirements": {
                    "condition": "minecraft:all_of",
                    "terms": [
                        {
                            "condition": "minecraft:entity_properties",
                            "entity": "this",
                            "predicate": {
                                "type": "minecraft:tropical_fish"
                            }
                        },
                        {
                            "condition": "minecraft:random_chance",
                            "chance": 0.01
                        }
                    ]
                }
            },
            {
                "enchanted": "attacker",
                "affected": "victim",
                "effect": {
                    "type": "minecraft:run_function",
                    "function": "enchantplus:actions/pull/turtle"
                },
                "requirements": {
                    "condition": "minecraft:all_of",
                    "terms": [
                        {
                            "condition": "minecraft:entity_properties",
                            "entity": "this",
                            "predicate": {
                                "type": "minecraft:turtle"
                            }
                        },
                        {
                            "condition": "minecraft:random_chance",
                            "chance": 0.01
                        }
                    ]
                }
            },
            {
                "enchanted": "attacker",
                "affected": "victim",
                "effect": {
                    "type": "minecraft:run_function",
                    "function": "enchantplus:actions/pull/vex"
                },
                "requirements": {
                    "condition": "minecraft:all_of",
                    "terms": [
                        {
                            "condition": "minecraft:entity_properties",
                            "entity": "this",
                            "predicate": {
                                "type": "minecraft:vex"
                            }
                        },
                        {
                            "condition": "minecraft:random_chance",
                            "chance": 0.01
                        }
                    ]
                }
            },
            {
                "enchanted": "attacker",
                "affected": "victim",
                "effect": {
                    "type": "minecraft:run_function",
                    "function": "enchantplus:actions/pull/villager"
                },
                "requirements": {
                    "condition": "minecraft:all_of",
                    "terms": [
                        {
                            "condition": "minecraft:entity_properties",
                            "entity": "this",
                            "predicate": {
                                "type": "minecraft:villager"
                            }
                        },
                        {
                            "condition": "minecraft:random_chance",
                            "chance": 0.01
                        }
                    ]
                }
            },
            {
                "enchanted": "attacker",
                "affected": "victim",
                "effect": {
                    "type": "minecraft:run_function",
                    "function": "enchantplus:actions/pull/vindicator"
                },
                "requirements": {
                    "condition": "minecraft:all_of",
                    "terms": [
                        {
                            "condition": "minecraft:entity_properties",
                            "entity": "this",
                            "predicate": {
                                "type": "minecraft:vindicator"
                            }
                        },
                        {
                            "condition": "minecraft:random_chance",
                            "chance": 0.01
                        }
                    ]
                }
            },
            {
                "enchanted": "attacker",
                "affected": "victim",
                "effect": {
                    "type": "minecraft:run_function",
                    "function": "enchantplus:actions/pull/wandering_trader"
                },
                "requirements": {
                    "condition": "minecraft:all_of",
                    "terms": [
                        {
                            "condition": "minecraft:entity_properties",
                            "entity": "this",
                            "predicate": {
                                "type": "minecraft:wandering_trader"
                            }
                        },
                        {
                            "condition": "minecraft:random_chance",
                            "chance": 0.01
                        }
                    ]
                }
            },
            {
                "enchanted": "attacker",
                "affected": "victim",
                "effect": {
                    "type": "minecraft:run_function",
                    "function": "enchantplus:actions/pull/warden"
                },
                "requirements": {
                    "condition": "minecraft:all_of",
                    "terms": [
                        {
                            "condition": "minecraft:entity_properties",
                            "entity": "this",
                            "predicate": {
                                "type": "minecraft:warden"
                            }
                        },
                        {
                            "condition": "minecraft:random_chance",
                            "chance": 0.01
                        }
                    ]
                }
            },
            {
                "enchanted": "attacker",
                "affected": "victim",
                "effect": {
                    "type": "minecraft:run_function",
                    "function": "enchantplus:actions/pull/wind_charge"
                },
                "requirements": {
                    "condition": "minecraft:all_of",
                    "terms": [
                        {
                            "condition": "minecraft:entity_properties",
                            "entity": "this",
                            "predicate": {
                                "type": "minecraft:wind_charge"
                            }
                        },
                        {
                            "condition": "minecraft:random_chance",
                            "chance": 0.01
                        }
                    ]
                }
            },
            {
                "enchanted": "attacker",
                "affected": "victim",
                "effect": {
                    "type": "minecraft:run_function",
                    "function": "enchantplus:actions/pull/witch"
                },
                "requirements": {
                    "condition": "minecraft:all_of",
                    "terms": [
                        {
                            "condition": "minecraft:entity_properties",
                            "entity": "this",
                            "predicate": {
                                "type": "minecraft:witch"
                            }
                        },
                        {
                            "condition": "minecraft:random_chance",
                            "chance": 0.01
                        }
                    ]
                }
            },
            {
                "enchanted": "attacker",
                "affected": "victim",
                "effect": {
                    "type": "minecraft:run_function",
                    "function": "enchantplus:actions/pull/wither"
                },
                "requirements": {
                    "condition": "minecraft:all_of",
                    "terms": [
                        {
                            "condition": "minecraft:entity_properties",
                            "entity": "this",
                            "predicate": {
                                "type": "minecraft:wither"
                            }
                        },
                        {
                            "condition": "minecraft:random_chance",
                            "chance": 0.01
                        }
                    ]
                }
            },
            {
                "enchanted": "attacker",
                "affected": "victim",
                "effect": {
                    "type": "minecraft:run_function",
                    "function": "enchantplus:actions/pull/wither_skeleton"
                },
                "requirements": {
                    "condition": "minecraft:all_of",
                    "terms": [
                        {
                            "condition": "minecraft:entity_properties",
                            "entity": "this",
                            "predicate": {
                                "type": "minecraft:wither_skeleton"
                            }
                        },
                        {
                            "condition": "minecraft:random_chance",
                            "chance": 0.01
                        }
                    ]
                }
            },
            {
                "enchanted": "attacker",
                "affected": "victim",
                "effect": {
                    "type": "minecraft:run_function",
                    "function": "enchantplus:actions/pull/wolf"
                },
                "requirements": {
                    "condition": "minecraft:all_of",
                    "terms": [
                        {
                            "condition": "minecraft:entity_properties",
                            "entity": "this",
                            "predicate": {
                                "type": "minecraft:wolf"
                            }
                        },
                        {
                            "condition": "minecraft:random_chance",
                            "chance": 0.01
                        }
                    ]
                }
            },
            {
                "enchanted": "attacker",
                "affected": "victim",
                "effect": {
                    "type": "minecraft:run_function",
                    "function": "enchantplus:actions/pull/zoglin"
                },
                "requirements": {
                    "condition": "minecraft:all_of",
                    "terms": [
                        {
                            "condition": "minecraft:entity_properties",
                            "entity": "this",
                            "predicate": {
                                "type": "minecraft:zoglin"
                            }
                        },
                        {
                            "condition": "minecraft:random_chance",
                            "chance": 0.01
                        }
                    ]
                }
            },
            {
                "enchanted": "attacker",
                "affected": "victim",
                "effect": {
                    "type": "minecraft:run_function",
                    "function": "enchantplus:actions/pull/zombie"
                },
                "requirements": {
                    "condition": "minecraft:all_of",
                    "terms": [
                        {
                            "condition": "minecraft:entity_properties",
                            "entity": "this",
                            "predicate": {
                                "type": "minecraft:zombie"
                            }
                        },
                        {
                            "condition": "minecraft:random_chance",
                            "chance": 0.01
                        }
                    ]
                }
            },
            {
                "enchanted": "attacker",
                "affected": "victim",
                "effect": {
                    "type": "minecraft:run_function",
                    "function": "enchantplus:actions/pull/zombie_horse"
                },
                "requirements": {
                    "condition": "minecraft:all_of",
                    "terms": [
                        {
                            "condition": "minecraft:entity_properties",
                            "entity": "this",
                            "predicate": {
                                "type": "minecraft:zombie_horse"
                            }
                        },
                        {
                            "condition": "minecraft:random_chance",
                            "chance": 0.01
                        }
                    ]
                }
            },
            {
                "enchanted": "attacker",
                "affected": "victim",
                "effect": {
                    "type": "minecraft:run_function",
                    "function": "enchantplus:actions/pull/zombie_villager"
                },
                "requirements": {
                    "condition": "minecraft:all_of",
                    "terms": [
                        {
                            "condition": "minecraft:entity_properties",
                            "entity": "this",
                            "predicate": {
                                "type": "minecraft:zombie_villager"
                            }
                        },
                        {
                            "condition": "minecraft:random_chance",
                            "chance": 0.01
                        }
                    ]
                }
            },
            {
                "enchanted": "attacker",
                "affected": "victim",
                "effect": {
                    "type": "minecraft:run_function",
                    "function": "enchantplus:actions/pull/zombified_piglin"
                },
                "requirements": {
                    "condition": "minecraft:all_of",
                    "terms": [
                        {
                            "condition": "minecraft:entity_properties",
                            "entity": "this",
                            "predicate": {
                                "type": "minecraft:zombified_piglin"
                            }
                        },
                        {
                            "condition": "minecraft:random_chance",
                            "chance": 0.01
                        }
                    ]
                }
            }
        ]
    }
}
