{
	"description": {
		"translate": "enchantment.enchantplus.runic_despair",
		"fallback": "Runic Despair"
	},
	"exclusive_set": "#enchantplus:exclusive_set/sword_attribute",
	"supported_items": "#minecraft:enchantable/sword",
	"weight": 4,
	"max_level": 5,
	"min_cost": {
		"base": 8,
		"per_level_above_first": 11
	},
	"max_cost": {
		"base": 21,
		"per_level_above_first": 9
	},
	"anvil_cost": 2,
	"slots": ["mainhand"],
	"effects": {
		"minecraft:damage": [
			{
				"requirements": {
					"condition": "minecraft:location_check",
					"predicate": {
						"dimension": "yggdrasil:runic_dimension"
					}
				},
				"effect": {
					"type": "minecraft:multiply",
					"factor": {
						"type": "minecraft:linear",
						"base": 1.25,
						"per_level_above_first": 0.25
					}
				}
			}
		]
	}
}
