{
	"description": {
		"translate": "enchantment.enchantplus.tears_of_asflors",
		"fallback": "Tears of Asflors",
		"color": "#ffcbfc"
	},
	"exclusive_set": "#enchantplus:exclusive_set/sword_effect",
	"supported_items": "#minecraft:enchantable/sword",
	"weight": 4,
	"max_level": 3,
	"min_cost": {
		"base": 8,
		"per_level_above_first": 11
	},
	"max_cost": {
		"base": 21,
		"per_level_above_first": 9
	},
	"anvil_cost": 2,
	"slots": ["mainhand"],
	"effects": {
		"minecraft:post_attack": [
			{
				"enchanted": "attacker",
				"affected": "attacker",
				"effect": {
					"type": "minecraft:run_function",
					"function": "enchantplus:actions/tears_of_asflors"
				},
				"requirements": {
					"condition": "minecraft:entity_properties",
					"entity": "attacker",
					"predicate": {
						"type_specific": {
							"type": "minecraft:player",
							"level": {
								"min": 5
							}
						}
					}
				}
			}
		],
		"minecraft:damage": [
			{
				"effect": {
					"type": "minecraft:add",
					"value": {
						"type": "linear",
						"base": 3,
						"per_level_above_first": 1
					}
				},
				"requirements": {
					"condition": "minecraft:entity_properties",
					"entity": "attacker",
					"predicate": {
						"type_specific": {
							"type": "minecraft:player",
							"level": {
								"min": 5
							}
						}
					}
				}
			}
		]
	}
}
