{
	"fallback": "yggdrasil:glaosheimr/terminator",
	"elements": [
		{
			"weight": 2,
			"element": {
				"element_type": "minecraft:single_pool_element",
				"projection": "terrain_matching",
				"processors": "yggdrasil:glaosheimr/street",
				"location": "yggdrasil:glaosheimr/road"
			}
		},
		{
			"weight": 10,
			"element": {
				"element_type": "minecraft:single_pool_element",
				"projection": "terrain_matching",
				"processors": "yggdrasil:glaosheimr/street",
				"location": "yggdrasil:glaosheimr/terminator"
			}
		},
		{
			"weight": 5,
			"element": {
				"element_type": "minecraft:single_pool_element",
				"projection": "rigid",
				"processors": "minecraft:empty",
				"location": "yggdrasil:glaosheimr/library"
			}
		},
		{
			"weight": 1,
			"element": {
				"element_type": "minecraft:single_pool_element",
				"projection": "rigid",
				"processors": "minecraft:empty",
				"location": "yggdrasil:glaosheimr/triforce"
			}
		},
		{
			"weight": 5,
			"element": {
				"element_type": "minecraft:single_pool_element",
				"projection": "rigid",
				"processors": "minecraft:empty",
				"location": "yggdrasil:glaosheimr/house"
			}
		}
	]
}
