{
	"fallback": "yggdrasil:asgard/fallback/bridge",
	"elements": [
		{
			"weight": 1,
			"element": {
				"element_type": "minecraft:single_pool_element",
				"location": "yggdrasil:asgard/island/underground/andesite",
				"processors": "minecraft:empty",
				"projection": "rigid"
			}
		},
		{
			"weight": 1,
			"element": {
				"element_type": "minecraft:single_pool_element",
				"location": "yggdrasil:asgard/island/underground/normal",
				"processors": "minecraft:empty",
				"projection": "rigid"
			}
		},
		{
			"weight": 1,
			"element": {
				"element_type": "minecraft:single_pool_element",
				"location": "yggdrasil:asgard/island/underground/runic",
				"processors": "minecraft:empty",
				"projection": "rigid"
			}
		},
		{
			"weight": 1,
			"element": {
				"element_type": "minecraft:single_pool_element",
				"location": "yggdrasil:asgard/island/underground/tree",
				"processors": "minecraft:empty",
				"projection": "rigid"
			}
		},
		{
			"weight": 1,
			"element": {
				"element_type": "minecraft:single_pool_element",
				"location": "yggdrasil:asgard/island/underground/wooden",
				"processors": "minecraft:empty",
				"projection": "rigid"
			}
		},
		{
			"weight": 1,
			"element": {
				"element_type": "minecraft:single_pool_element",
				"location": "yggdrasil:asgard/island/underground/wooden_with_bridge",
				"processors": "minecraft:empty",
				"projection": "rigid"
			}
		},
		{
			"weight": 5,
			"element": {
				"element_type": "minecraft:single_pool_element",
				"location": "yggdrasil:asgard/bridge/crossroad",
				"processors": "minecraft:empty",
				"projection": "rigid"
			}
		},
		{
			"weight": 5,
			"element": {
				"element_type": "minecraft:single_pool_element",
				"location": "yggdrasil:asgard/bridge/square",
				"processors": "minecraft:empty",
				"projection": "rigid"
			}
		},
		{
			"weight": 5,
			"element": {
				"element_type": "minecraft:single_pool_element",
				"location": "yggdrasil:asgard/bridge/square_fountain",
				"processors": "minecraft:empty",
				"projection": "rigid"
			}
		},
		{
			"weight": 5,
			"element": {
				"element_type": "minecraft:single_pool_element",
				"location": "yggdrasil:asgard/bridge/triway",
				"processors": "minecraft:empty",
				"projection": "rigid"
			}
		},
		{
			"weight": 5,
			"element": {
				"element_type": "minecraft:single_pool_element",
				"location": "yggdrasil:asgard/bridge/turn",
				"processors": "minecraft:empty",
				"projection": "rigid"
			}
		}
	]
}
