{
	"fallback": "yggdrasil:asgard/fallback/bridge_ceiling",
	"elements": [
		{
			"weight": 5,
			"element": {
				"element_type": "minecraft:single_pool_element",
				"location": "yggdrasil:asgard/bridge/crossroad_ceiling",
				"processors": "minecraft:empty",
				"projection": "rigid"
			}
		},
		{
			"weight": 5,
			"element": {
				"element_type": "minecraft:single_pool_element",
				"location": "yggdrasil:asgard/bridge/crossroad_ceiling_wall",
				"processors": "minecraft:empty",
				"projection": "rigid"
			}
		},
		{
			"weight": 5,
			"element": {
				"element_type": "minecraft:single_pool_element",
				"location": "yggdrasil:asgard/bridge/triway_ceiling",
				"processors": "minecraft:empty",
				"projection": "rigid"
			}
		},
		{
			"weight": 5,
			"element": {
				"element_type": "minecraft:single_pool_element",
				"location": "yggdrasil:asgard/bridge/triway_ceiling_wall",
				"processors": "minecraft:empty",
				"projection": "rigid"
			}
		},
		{
			"weight": 5,
			"element": {
				"element_type": "minecraft:single_pool_element",
				"location": "yggdrasil:asgard/bridge/triway_ceiling_rounded",
				"processors": "minecraft:empty",
				"projection": "rigid"
			}
		},
		{
			"weight": 5,
			"element": {
				"element_type": "minecraft:single_pool_element",
				"location": "yggdrasil:asgard/bridge/triway_ceiling_wall_rounded",
				"processors": "minecraft:empty",
				"projection": "rigid"
			}
		}
	]
}
