{
	"fallback": "yggdrasil:asgard/fallback/bridge",
	"elements": [
		{
			"weight": 5,
			"element": {
				"element_type": "minecraft:single_pool_element",
				"location": "yggdrasil:asgard/bridge/crossroad",
				"processors": "minecraft:empty",
				"projection": "rigid"
			}
		},
		{
			"weight": 5,
			"element": {
				"element_type": "minecraft:single_pool_element",
				"location": "yggdrasil:asgard/bridge/triway",
				"processors": "minecraft:empty",
				"projection": "rigid"
			}
		},
		{
			"weight": 5,
			"element": {
				"element_type": "minecraft:single_pool_element",
				"location": "yggdrasil:asgard/bridge/triway_rounded",
				"processors": "minecraft:empty",
				"projection": "rigid"
			}
		}
	]
}
