{
	"fallback": "minecraft:empty",
	"elements": [
		{
			"weight": 1,
			"element": {
				"element_type": "minecraft:single_pool_element",
				"location": "yggdrasil:asgard/island/arena",
				"processors": "minecraft:empty",
				"projection": "rigid"
			}
		},
		{
			"weight": 1,
			"element": {
				"element_type": "minecraft:single_pool_element",
				"location": "yggdrasil:asgard/island/tower",
				"processors": "minecraft:empty",
				"projection": "rigid"
			}
		},
		{
			"weight": 1,
			"element": {
				"element_type": "minecraft:single_pool_element",
				"location": "yggdrasil:asgard/island/woodenhouse",
				"processors": "minecraft:empty",
				"projection": "rigid"
			}
		},
		{
			"weight": 1,
			"element": {
				"element_type": "minecraft:single_pool_element",
				"location": "yggdrasil:asgard/island/catalyser",
				"processors": "minecraft:empty",
				"projection": "rigid"
			}
		},
		{
			"weight": 1,
			"element": {
				"element_type": "minecraft:single_pool_element",
				"location": "yggdrasil:asgard/island/dome",
				"processors": "minecraft:empty",
				"projection": "rigid"
			}
		},
		{
			"weight": 1,
			"element": {
				"element_type": "minecraft:single_pool_element",
				"location": "yggdrasil:asgard/island/flat",
				"processors": "minecraft:empty",
				"projection": "rigid"
			}
		},
		{
			"weight": 1,
			"element": {
				"element_type": "minecraft:single_pool_element",
				"location": "yggdrasil:asgard/island/greenhouse",
				"processors": "minecraft:empty",
				"projection": "rigid"
			}
		},
		{
			"weight": 1,
			"element": {
				"element_type": "minecraft:single_pool_element",
				"location": "yggdrasil:asgard/island/library",
				"processors": "minecraft:empty",
				"projection": "rigid"
			}
		}
	]
}
