{
	"fallback": "minecraft:empty",
	"elements": [
		{
			"weight": 5,
			"element": {
				"element_type": "minecraft:single_pool_element",
				"projection": "rigid",
				"processors": "minecraft:empty",
				"location": "yggdrasil:asgard/feature/spawner/breeze"
			}
		},
		{
			"weight": 2,
			"element": {
				"element_type": "minecraft:single_pool_element",
				"projection": "rigid",
				"processors": "minecraft:empty",
				"location": "yggdrasil:asgard/feature/spawner/phantom"
			}
		},
		{
			"weight": 10,
			"element": {
				"element_type": "minecraft:single_pool_element",
				"projection": "rigid",
				"processors": "minecraft:empty",
				"location": "yggdrasil:asgard/feature/spawner/skeleton"
			}
		},
		{
			"weight": 2,
			"element": {
				"element_type": "minecraft:single_pool_element",
				"projection": "rigid",
				"processors": "minecraft:empty",
				"location": "yggdrasil:asgard/feature/spawner/spider"
			}
		},
		{
			"weight": 10,
			"element": {
				"element_type": "minecraft:single_pool_element",
				"projection": "rigid",
				"processors": "minecraft:empty",
				"location": "yggdrasil:asgard/feature/spawner/zombie"
			}
		},
		{
			"weight": 5,
			"element": {
				"element_type": "minecraft:single_pool_element",
				"projection": "rigid",
				"processors": "minecraft:empty",
				"location": "yggdrasil:asgard/feature/spawner/witch"
			}
		},
		{
			"weight": 2,
			"element": {
				"element_type": "minecraft:single_pool_element",
				"projection": "rigid",
				"processors": "minecraft:empty",
				"location": "yggdrasil:asgard/feature/spawner/evoker"
			}
		},
		{
			"weight": 4,
			"element": {
				"element_type": "minecraft:single_pool_element",
				"projection": "rigid",
				"processors": "minecraft:empty",
				"location": "yggdrasil:asgard/feature/spawner/wither_skeleton"
			}
		},
		{
			"weight": 6,
			"element": {
				"element_type": "minecraft:single_pool_element",
				"projection": "rigid",
				"processors": "minecraft:empty",
				"location": "yggdrasil:asgard/feature/spawner/slime"
			}
		},
		{
			"weight": 5,
			"element": {
				"element_type": "minecraft:single_pool_element",
				"projection": "rigid",
				"processors": "minecraft:empty",
				"location": "yggdrasil:asgard/feature/spawner/stray"
			}
		},
		{
			"weight": 5,
			"element": {
				"element_type": "minecraft:single_pool_element",
				"projection": "rigid",
				"processors": "minecraft:empty",
				"location": "yggdrasil:asgard/feature/spawner/husk"
			}
		},
		{
			"weight": 5,
			"element": {
				"element_type": "minecraft:single_pool_element",
				"projection": "rigid",
				"processors": "minecraft:empty",
				"location": "yggdrasil:asgard/feature/spawner/bogged"
			}
		},
		{
			"weight": 5,
			"element": {
				"element_type": "minecraft:single_pool_element",
				"projection": "rigid",
				"processors": "minecraft:empty",
				"location": "yggdrasil:asgard/feature/spawner/drowned"
			}
		}
	]
}
