{
	"fallback": "minecraft:empty",
	"elements": [
		{
			"weight": 1,
			"element": {
				"element_type": "minecraft:single_pool_element",
				"location": "yggdrasil:asgard/tower/01",
				"processors": "minecraft:empty",
				"projection": "rigid"
			}
		},
		{
			"weight": 1,
			"element": {
				"element_type": "minecraft:single_pool_element",
				"location": "yggdrasil:asgard/tower/02",
				"processors": "minecraft:empty",
				"projection": "rigid"
			}
		},
		{
			"weight": 1,
			"element": {
				"element_type": "minecraft:single_pool_element",
				"location": "yggdrasil:asgard/tower/03",
				"processors": "minecraft:empty",
				"projection": "rigid"
			}
		},
		{
			"weight": 1,
			"element": {
				"element_type": "minecraft:single_pool_element",
				"location": "yggdrasil:asgard/tower/04",
				"processors": "minecraft:empty",
				"projection": "rigid"
			}
		}
	]
}
