{
	"fallback": "minecraft:empty",
	"elements": [
		{
			"weight": 1,
			"element": {
				"element_type": "minecraft:single_pool_element",
				"location": "yggdrasil:asgard/bridge/underground/terminator_1",
				"processors": "minecraft:empty",
				"projection": "rigid"
			}
		},
		{
			"weight": 1,
			"element": {
				"element_type": "minecraft:single_pool_element",
				"location": "yggdrasil:asgard/bridge/underground/terminator_2",
				"processors": "minecraft:empty",
				"projection": "rigid"
			}
		},
		{
			"weight": 1,
			"element": {
				"element_type": "minecraft:single_pool_element",
				"location": "yggdrasil:asgard/bridge/underground/terminator_3",
				"processors": "minecraft:empty",
				"projection": "rigid"
			}
		},
		{
			"weight": 1,
			"element": {
				"element_type": "minecraft:single_pool_element",
				"location": "yggdrasil:asgard/bridge/underground/terminator_4",
				"processors": "minecraft:empty",
				"projection": "rigid"
			}
		},
		{
			"weight": 1,
			"element": {
				"element_type": "minecraft:single_pool_element",
				"location": "yggdrasil:asgard/bridge/underground/terminator_5",
				"processors": "minecraft:empty",
				"projection": "rigid"
			}
		},
		{
			"weight": 1,
			"element": {
				"element_type": "minecraft:single_pool_element",
				"location": "yggdrasil:asgard/bridge/underground/terminator_6",
				"processors": "minecraft:empty",
				"projection": "rigid"
			}
		}
	]
}
