{
	"type": "minecraft:chest",
	"pools": [
		{
			"rolls": 1,
			"entries": [
				{
					"type": "minecraft:loot_table",
					"value": "yggdrasil:asgard/enchanted_book/ominous_vault"
				}
			]
		},
		{
			"rolls": 1,
			"entries": [
				{
					"type": "minecraft:loot_table",
					"value": "yggdrasil:asgard/lore/ultimate_war"
				}
			]
		},
		{
			"rolls": 1,
			"entries": [
				{
					"type": "minecraft:loot_table",
					"value": "yggdrasil:asgard/treasure/gungnir",
					"weight": 1
				}
			]
		},
		{
			"rolls": 1,
			"entries": [
				{
					"type": "minecraft:loot_table",
					"value": "yggdrasil:generic/reward/rare/trim",
					"weight": 2
				},
				{
					"type": "minecraft:loot_table",
					"value": "yggdrasil:asgard/reward/shared/moss",
					"weight": 1
				}
			]
		},
		{
			"rolls": 1,
			"entries": [
				{
					"type": "minecraft:item",
					"name": "minecraft:heavy_core",
					"weight": 1
				},
				{
					"type": "minecraft:item",
					"name": "minecraft:spawner",
					"weight": 1
				},
				{
					"type": "minecraft:item",
					"name": "minecraft:totem_of_undying",
					"weight": 2
				},
				{
					"type": "minecraft:loot_table",
					"value": "yggdrasil:generic/reward/rare/enchanted_item_50",
					"weight": 1
				}
			],
			"conditions": [
				{
					"condition": "minecraft:random_chance",
					"chance": 0.15
				}
			]
		}
	],
	"random_sequence": "yggdrasil:asgard/chest"
}
