{
	"type": "minecraft:chest",
	"pools": [
		{
			"rolls": 1,
			"entries": [
				{
					"type": "minecraft:item",
					"name": "minecraft:amethyst_shard",
					"functions": [
						{
							"function": "minecraft:set_name",
							"entity": "this",
							"target": "item_name",
							"name": {
								"translate": "item.yggdrasil.helheim.rune_of_reva",
								"fallback": "Rune of Reva"
							}
						},
						{
							"function": "minecraft:set_components",
							"components": {
								"minecraft:food": {
									"nutrition": 0,
									"saturation": 0,
									"can_always_eat": true
								},
								"minecraft:rarity": "epic",
								"minecraft:enchantment_glint_override": true,
								"minecraft:custom_data": {
									"yggdrasil": {
										"id": "yggdrasil.helheim.treasure.rune_of_reva"
									}
								}
							}
						},
						{
							"function": "minecraft:set_lore",
							"entity": "this",
							"lore": [
								{
									"translate": "item.yggdrasil.helheim.rune_of_reva.lore1",
									"fallback": "Free Reva from his slumber",
									"color": "#a0a0a0",
									"bold": false,
									"italic": false,
									"underlined": false,
									"strikethrough": false,
									"obfuscated": false
								},
								{
									"translate": "item.yggdrasil.helheim.rune_of_reva.lore2",
									"fallback": "he will accompany you wherever you go.",
									"color": "#a0a0a0",
									"bold": false,
									"italic": false,
									"underlined": false,
									"strikethrough": false,
									"obfuscated": false
								},
								{
									"text": ""
								},
								{
									"translate": "item.yggdrasil.quest.reward",
									"fallback": "(Quest Item - Reward)",
									"color": "#707070",
									"bold": false,
									"italic": false,
									"underlined": false,
									"strikethrough": false,
									"obfuscated": false
								},
								{
									"translate": "item.yggdrasil.helheim.location",
									"fallback": "[Helheim]",
									"color": "#6b1616",
									"bold": false,
									"italic": false,
									"underlined": false,
									"strikethrough": false,
									"obfuscated": false
								}
							],
							"mode": "replace_all"
						}
					]
				}
			]
		}
	],
	"random_sequence": "yggdrasil:helheim/treasure"
}
