{
	"processors": [
		{
			"processor_type": "minecraft:rule",
			"rules": [
				{
					"input_predicate": {
						"predicate_type": "minecraft:block_match",
						"block": "minecraft:stone_bricks"
					},
					"location_predicate": {
						"predicate_type": "minecraft:block_match",
						"block": "minecraft:water"
					},
					"output_state": {
						"Name": "minecraft:dirt_path"
					}
				},
				{
					"input_predicate": {
						"predicate_type": "minecraft:block_match",
						"block": "minecraft:smooth_stone_slab"
					},
					"location_predicate": {
						"predicate_type": "minecraft:block_match",
						"block": "minecraft:water"
					},
					"output_state": {
						"Name": "minecraft:air"
					}
				},
				{
					"input_predicate": {
						"block": "minecraft:grass_block",
						"predicate_type": "minecraft:block_match"
					},
					"location_predicate": {
						"block": "minecraft:water",
						"predicate_type": "minecraft:block_match"
					},
					"output_state": {
						"Name": "minecraft:water",
						"Properties": {
							"level": "0"
						}
					}
				},
				{
					"input_predicate": {
						"predicate_type": "minecraft:block_match",
						"block": "minecraft:stone_bricks"
					},
					"location_predicate": {
						"predicate_type": "minecraft:block_match",
						"block": "minecraft:water"
					},
					"output_state": {
						"Name": "minecraft:water",
						"Properties": {
							"level": "0"
						}
					}
				}
			]
		},
		{
			"processor_type": "minecraft:rule",
			"rules": [
				{
					"input_predicate": {
						"predicate_type": "minecraft:random_block_match",
						"block": "minecraft:stone_bricks",
						"probability": 0.45
					},
					"location_predicate": {
						"predicate_type": "minecraft:always_true"
					},
					"output_state": {
						"Name": "minecraft:grass_block",
						"Properties": {
							"snowy": "false"
						}
					}
				},
				{
					"input_predicate": {
						"predicate_type": "minecraft:random_block_match",
						"block": "minecraft:stone_bricks",
						"probability": 0.35
					},
					"location_predicate": {
						"predicate_type": "minecraft:always_true"
					},
					"output_state": {
						"Name": "minecraft:cracked_stone_bricks"
					}
				},
				{
					"input_predicate": {
						"predicate_type": "minecraft:random_block_match",
						"block": "minecraft:stone_bricks",
						"probability": 0.35
					},
					"location_predicate": {
						"predicate_type": "minecraft:always_true"
					},
					"output_state": {
						"Name": "minecraft:mossy_stone_bricks"
					}
				}
			]
		}
	]
}
