{
	"fallback": "minecraft:empty",
	"elements": [
		{
			"weight": 1,
			"element": {
				"element_type": "minecraft:single_pool_element",
				"location": "yggdrasil:asgard/bridge/terminator/moss_ceiling",
				"processors": "minecraft:empty",
				"projection": "rigid"
			}
		},
		{
			"weight": 1,
			"element": {
				"element_type": "minecraft:single_pool_element",
				"location": "yggdrasil:asgard/bridge/terminator/small_moss",
				"processors": "minecraft:empty",
				"projection": "rigid"
			}
		},
		{
			"weight": 1,
			"element": {
				"element_type": "minecraft:single_pool_element",
				"location": "yggdrasil:asgard/bridge/terminator/small_moss_ceiling",
				"processors": "minecraft:empty",
				"projection": "rigid"
			}
		},
		{
			"weight": 1,
			"element": {
				"element_type": "minecraft:single_pool_element",
				"location": "yggdrasil:asgard/bridge/terminator/tiny_ceiling",
				"processors": "minecraft:empty",
				"projection": "rigid"
			}
		}
	]
}
