{
    "anvil_cost": 6,
    "description": {
        "translate": "enchantment.enchantplus.auto_feed",
        "fallback": "Auto Feed"
    },
    "effects": {
        "minecraft:tick": [
            {
                "effect": {
                    "type": "minecraft:apply_mob_effect",
                    "to_apply": "minecraft:saturation",
                    "min_duration": 1,
                    "max_duration": 1,
                    "min_amplifier": 0,
                    "max_amplifier": 0
                },
                "requirements": [
                    {
                        "condition": "minecraft:entity_properties",
                        "entity": "this",
                        "predicate": {
                            "periodic_tick": 3600
                        }
                    }
                ]
            }
        ]
    },
    "max_cost": {
        "base": 45,
        "per_level_above_first": 10
    },
    "min_cost": {
        "base": 45,
        "per_level_above_first": 10
    },
    "slots": [
        "head"
    ],
    "max_level": 1,
    "supported_items": "#minecraft:enchantable/head_armor",
    "weight": 2
}