{
	"fallback": "minecraft:empty",
	"elements": [
		{
			"weight": 1,
			"element": {
				"element_type": "minecraft:single_pool_element",
				"location": "yggdrasil:asgard/infinity_tower/ground/andesite",
				"processors": "minecraft:empty",
				"projection": "rigid"
			}
		},
		{
			"weight": 1,
			"element": {
				"element_type": "minecraft:single_pool_element",
				"location": "yggdrasil:asgard/infinity_tower/ground/moss",
				"processors": "minecraft:empty",
				"projection": "rigid"
			}
		},
		{
			"weight": 1,
			"element": {
				"element_type": "minecraft:single_pool_element",
				"location": "yggdrasil:asgard/infinity_tower/ground/normal",
				"processors": "minecraft:empty",
				"projection": "rigid"
			}
		},
		{
			"weight": 1,
			"element": {
				"element_type": "minecraft:single_pool_element",
				"location": "yggdrasil:asgard/infinity_tower/ground/royal",
				"processors": "minecraft:empty",
				"projection": "rigid"
			}
		},
		{
			"weight": 1,
			"element": {
				"element_type": "minecraft:single_pool_element",
				"location": "yggdrasil:asgard/infinity_tower/ground/runic",
				"processors": "minecraft:empty",
				"projection": "rigid"
			}
		},
		{
			"weight": 1,
			"element": {
				"element_type": "minecraft:single_pool_element",
				"location": "yggdrasil:asgard/infinity_tower/ground/snow",
				"processors": "minecraft:empty",
				"projection": "rigid"
			}
		},
		{
			"weight": 1,
			"element": {
				"element_type": "minecraft:single_pool_element",
				"location": "yggdrasil:asgard/infinity_tower/ground/tree",
				"processors": "minecraft:empty",
				"projection": "rigid"
			}
		},
		{
			"weight": 1,
			"element": {
				"element_type": "minecraft:single_pool_element",
				"location": "yggdrasil:asgard/infinity_tower/ground/wild",
				"processors": "minecraft:empty",
				"projection": "rigid"
			}
		}
	]
}
