{
	"type": "minecraft:chest",
	"pools": [
		{
			"rolls": 1,
			"entries": [
				{
					"type": "minecraft:item",
					"name": "minecraft:diamond_sword",
					"functions": [
						{
							"function": "minecraft:set_name",
							"entity": "this",
							"target": "item_name",
							"name": {
								"translate": "item.yggdrasil.asflors.fake_sword",
								"fallback": "Asflors Sword"
							}
						},
						{
							"function": "minecraft:enchant_randomly",
							"options": "#yggdrasil:structure/asflors/stand",
							"only_compatible": false
						},
						{
							"function": "minecraft:set_components",
							"components": {
								"minecraft:rarity": "epic",
								"minecraft:custom_data": {
									"yggdrasil": {
										"id": "yggdrasil.asflors.treasure.fake_sword"
									}
								},
								"minecraft:unbreakable": {
									"show_in_tooltip": true
								}
							}
						}
					]
				}
			]
		}
	],
	"random_sequence": "yggdrasil:asflors/treasure"
}
